aa,x,y,r,theta(rad),theta(deg),"theta(deg, fixed)","theta(deg, 10-170)"
A,-11.70864391,-15.74937916,19.62486398,-2.21008275,-126.62841401,233.37158599,113.72070488
C,43.74588394,-8.96874714,44.65580351,-0.20221704,-11.58618320,348.41381680,164.85058524
D,24.58741379,27.56139755,36.93469307,0.84236525,48.26397375,48.26397375,31.45065500
E,4.73399925,-5.69326115,7.40432113,-0.87713553,-50.25616396,309.74383604,147.66392713
F,23.97511292,-21.61224365,32.27840013,-0.73361282,-42.03291865,317.96708135,151.31870282
G,-8.49030399,-43.71188354,44.52879995,-1.76264090,-100.99188420,259.00811580,125.11471813
H,-5.65863419,10.27360725,11.72890220,2.07424840,118.84567921,118.84567921,62.82030187
I,39.91131210,-31.63903809,50.93075264,-0.67029448,-38.40504464,321.59495536,152.93109127
K,-62.89279175,49.03652954,79.75013783,2.47936260,142.05701288,142.05701288,73.13645017
L,24.38127327,-10.95654678,26.72999072,-0.42234129,-24.19837355,335.80162645,159.24516731
M,19.88127518,2.02478218,19.98411483,0.10149374,5.81516299,5.81516299,12.58451689
N,21.32791901,42.66727448,47.70090607,1.10725594,63.44109214,63.44109214,38.19604095
P,35.66022873,25.38894272,43.77499658,0.61871312,35.44965043,35.44965043,25.75540019
Q,63.37813187,41.40600586,75.70498610,0.57870344,33.15726476,33.15726476,24.73656212
R,-68.24689484,38.74514771,78.47818248,2.62524647,150.41554290,150.41554290,76.85135240
S,52.58456039,42.39448166,67.54574796,0.67851934,38.87629439,38.87629439,27.27835306
T,9.29963017,-21.30739784,23.24840476,-1.15926689,-66.42110017,293.57889983,140.47951104
V,19.21742249,-39.49086380,43.91853425,-1.11790215,-64.05107523,295.94892477,141.53285545
W,-74.84994507,50.31768036,90.19081568,2.54973642,146.08913551,146.08913551,74.92850467
Y,9.50234222,53.10060501,53.94412628,1.39372082,79.85432101,79.85432101,45.49080934
